{
    "loss": 21.64229393005371,
    "accuracy": 0.3099229633808136
}